Workbook
Name Slicer_abonoment_type: #N/A
Name Slicer_Age: #N/A
Name Slicer_gender: #N/A
Name Slicer_name_personal_trainer: #N/A

Sheet Dashboard

Sheet gym_membership
A1: id | B1: gender | C1: birthday | D1: Age | E1: Age2 | F1: abonoment_type | G1: visit_per_week | H1: days_per_week | I1: Day 1 | J1: Day 2 | K1: Day 3 | L1: Day 4 | M1: Day 5 | N1: attend_group_lesson | O1: fav_group_lesson | P1: fav_group_lesson1 | Q1: fav_group_lesson2 | R1: fav_group_lesson3 | S1: avg_time_check_in | T1: avg_time_check_out | U1: avg_time_in_gym | V1: drink_abo | W1: fav_drink | X1: fav_drink1 | Y1: fav_drink2 | Z1: personal_training | AA1: name_personal_trainer | AB1: uses_sauna
A2: 1 | B2: Female | C2: 35538 | D2: =DATEDIF(gym_membership[[#This Row],[birthday]],TODAY(),"y") -> 29 | E2: 27 | F2: Premium | G2: 4 | H2: Mon, Sat, Tue, Wed | I2: Mon | J2: Sat | K2: Tue | L2: Wed | N2: TRUE | O2: Kickboxen, BodyPump, Zumba | P2: Kickboxen | Q2: BodyPump | R2: Zumba | S2: 0.81319444 | T2: 0.89375 | U2: 116 | V2: FALSE | Z2: FALSE | AA2: No trainer | AB2: TRUE
A3: 2 | B3: Female | C3: 28386 | D3: =DATEDIF(gym_membership[[#This Row],[birthday]],TODAY(),"y") -> 48 | E3: 47 | F3: Standard | G3: 3 | H3: Mon, Sat, Wed | I3: Mon | J3: Sat | K3: Wed | N3: FALSE | S3: 0.81319444 | T3: 0.84652778 | U3: 48 | V3: FALSE | Z3: TRUE | AA3: Chantal | AB3: FALSE
A4: 3 | B4: Male | C4: 30405 | D4: =DATEDIF(gym_membership[[#This Row],[birthday]],TODAY(),"y") -> 43 | E4: 41 | F4: Premium | G4: 1 | H4: Sat | I4: Sat | N4: TRUE | O4: XCore | P4: XCore | S4: 0.35347222 | T4: 0.43888889 | U4: 123 | V4: TRUE | W4: berry_boost, lemon | X4: berry_boost | Y4: lemon | Z4: TRUE | AA4: Mike | AB4: FALSE
A5: 4 | B5: Male | C5: 29323 | D5: =DATEDIF(gym_membership[[#This Row],[birthday]],TODAY(),"y") -> 46 | E5: 44 | F5: Premium | G5: 3 | H5: Sat, Tue, Wed | I5: Sat | J5: Tue | K5: Wed | N5: FALSE | S5: 0.4125 | T5: 0.48125 | U5: 99 | V5: TRUE | W5: passion_fruit | X5: passion_fruit | Z5: TRUE | AA5: Mike | AB5: TRUE
A6: 5 | B6: Male | C6: 29474 | D6: =DATEDIF(gym_membership[[#This Row],[birthday]],TODAY(),"y") -> 45 | E6: 44 | F6: Standard | G6: 2 | H6: Thu, Wed | I6: Thu | J6: Wed | N6: TRUE | O6: Running, Yoga, Zumba | P6: Running | Q6: Yoga | R6: Zumba | S6: 0.35347222 | T6: 0.38819444 | U6: 50 | V6: FALSE | Z6: TRUE | AA6: Mike | AB6: FALSE
A7: 6 | B7: Female | C7: 39993 | D7: =DATEDIF(gym_membership[[#This Row],[birthday]],TODAY(),"y") -> 17 | E7: 15 | F7: Standard | G7: 1 | H7: Mon | I7: Mon | N7: FALSE | S7: 0.72152778 | T7: 0.84652778 | U7: 180 | V7: FALSE | Z7: FALSE | AA7: No trainer | AB7: TRUE
A8: 7 | B8: Male | C8: 34553 | D8: =DATEDIF(gym_membership[[#This Row],[birthday]],TODAY(),"y") -> 32 | E8: 30 | F8: Premium | G8: 3 | H8: Sat, Thu, Wed | I8: Sat | J8: Thu | K8: Wed | N8: TRUE | O8: LesMiles, BodyPump | P8: LesMiles | Q8: BodyPump | S8: 0.82361111 | T8: 0.86666667 | U8: 62 | V8: FALSE | Z8: FALSE | AA8: No trainer | AB8: FALSE
A9: 8 | B9: Male | C9: 37938 | D9: =DATEDIF(gym_membership[[#This Row],[birthday]],TODAY(),"y") -> 22 | E9: 20 | F9: Standard | G9: 2 | H9: Mon, Wed | I9: Mon | J9: Wed | N9: TRUE | O9: Yoga, XCore | P9: Yoga | Q9: XCore | S9: 0.73958333 | T9: 0.80555556 | U9: 95 | V9: TRUE | W9: coconut_pineapple | X9: coconut_pineapple | Z9: FALSE | AA9: No trainer | AB9: TRUE
A10: 9 | B10: Male | C10: 28699 | D10: =DATEDIF(gym_membership[[#This Row],[birthday]],TODAY(),"y") -> 48 | E10: 46 | F10: Premium | G10: 3 | H10: Sat, Sun, Thu | I10: Sat | J10: Sun | K10: Thu | N10: TRUE | O10: BodyPump | P10: BodyPump | S10: 0.40625 | T10: 0.47013889 | U10: 92 | V10: TRUE | W10: orange, lemon | X10: orange | Y10: lemon | Z10: TRUE | AA10: Mike | AB10: FALSE
A11: 10 | B11: Female | C11: 36652 | D11: =DATEDIF(gym_membership[[#This Row],[birthday]],TODAY(),"y") -> 26 | E11: 24 | F11: Premium | G11: 1 | H11: Mon | I11: Mon | N11: FALSE | S11: 0.54513889 | T11: 0.64513889 | U11: 144 | V11: FALSE | Z11: TRUE | AA11: Jeffrey | AB11: TRUE
A12: 11 | B12: Male | C12: 30508 | D12: =DATEDIF(gym_membership[[#This Row],[birthday]],TODAY(),"y") -> 43 | E12: 41 | F12: Standard | G12: 1 | H12: Fri | I12: Fri | N12: FALSE | S12: 0.57638889 | T12: 0.60138889 | U12: 36 | V12: FALSE | Z12: TRUE | AA12: Hanna | AB12: FALSE
A13: 12 | B13: Male | C13: 35692 | D13: =DATEDIF(gym_membership[[#This Row],[birthday]],TODAY(),"y") -> 28 | E13: 27 | F13: Premium | G13: 3 | H13: Fri, Thu, Wed | I13: Fri | J13: Thu | K13: Wed | N13: TRUE | O13: Pilates, Zumba, XCore | P13: Pilates | Q13: Zumba | R13: XCore | S13: 0.425 | T13: 0.44791667 | U13: 33 | V13: TRUE | W13: passion_fruit | X13: passion_fruit | Z13: TRUE | AA13: Mike | AB13: TRUE
A14: 13 | B14: Female | C14: 34446 | D14: =DATEDIF(gym_membership[[#This Row],[birthday]],TODAY(),"y") -> 32 | E14: 30 | F14: Standard | G14: 2 | H14: Sun, Wed | I14: Sun | J14: Wed | N14: TRUE | O14: XCore, HIT, Running | P14: XCore | Q14: HIT | R14: Running | S14: 0.71111111 | T14: 0.82083333 | U14: 158 | V14: TRUE | W14: passion_fruit | X14: passion_fruit | Z14: FALSE | AA14: No trainer | AB14: TRUE
A15: 14 | B15: Female | C15: 32588 | D15: =DATEDIF(gym_membership[[#This Row],[birthday]],TODAY(),"y") -> 37 | E15: 35 | F15: Premium | G15: 3 | H15: Mon, Tue, Wed | I15: Mon | J15: Tue | K15: Wed | N15: FALSE | S15: 0.82638889 | T15: 0.86875 | U15: 61 | V15: TRUE | W15: black_currant | X15: black_currant | Z15: FALSE | AA15: No trainer | AB15: FALSE
A16: 15 | B16: Female | C16: 32782 | D16: =DATEDIF(gym_membership[[#This Row],[birthday]],TODAY(),"y") -> 36 | E16: 35 | F16: Premium | G16: 1 | H16: Sat | I16: Sat | N16: FALSE | S16: 0.84166667 | T16: 0.94236111 | U16: 145 | V16: TRUE | W16: orange, black_currant | X16: orange | Y16: black_currant | Z16: TRUE | AA16: Mike | AB16: FALSE
A17: 16 | B17: Female | C17: 32131 | D17: =DATEDIF(gym_membership[[#This Row],[birthday]],TODAY(),"y") -> 38 | E17: 36 | F17: Standard | G17: 4 | H17: Mon, Thu, Tue, Wed | I17: Mon | J17: Thu | K17: Tue | L17: Wed | N17: TRUE | O17: Spinning, Zumba, XCore | P17: Spinning | Q17: Zumba | R17: XCore | S17: 0.72777778 | T17: 0.77013889 | U17: 61 | V17: FALSE | Z17: FALSE | AA17: No trainer | AB17: FALSE
A18: 17 | B18: Male | C18: 31763 | D18: =DATEDIF(gym_membership[[#This Row],[birthday]],TODAY(),"y") -> 39 | E18: 37 | F18: Premium | G18: 3 | H18: Fri, Sat, Sun | I18: Fri | J18: Sat | K18: Sun | N18: FALSE | S18: 0.39236111 | T18: 0.50416667 | U18: 161 | V18: FALSE | Z18: TRUE | AA18: Jeffrey | AB18: TRUE
A19: 18 | B19: Female | C19: 40663 | D19: =DATEDIF(gym_membership[[#This Row],[birthday]],TODAY(),"y") -> 15 | E19: 13 | F19: Standard | G19: 3 | H19: Sat, Thu, Tue | I19: Sat | J19: Thu | K19: Tue | N19: FALSE | S19: 0.70416667 | T19: 0.78680556 | U19: 119 | V19: FALSE | Z19: TRUE | AA19: Mike | AB19: TRUE
A20: 19 | B20: Female | C20: 31561 | D20: =DATEDIF(gym_membership[[#This Row],[birthday]],TODAY(),"y") -> 40 | E20: 38 | F20: Standard | G20: 1 | H20: Tue | I20: Tue | N20: TRUE | O20: Pilates | P20: Pilates | S20: 0.41736111 | T20: 0.53333333 | U20: 167 | V20: TRUE | W20: orange | X20: orange | Z20: TRUE | AA20: Hanna | AB20: TRUE
A21: 20 | B21: Male | C21: 33494 | D21: =DATEDIF(gym_membership[[#This Row],[birthday]],TODAY(),"y") -> 34 | E21: 33 | F21: Premium | G21: 2 | H21: Sat, Wed | I21: Sat | J21: Wed | N21: TRUE | O21: BodyPump, Zumba, Pilates | P21: BodyPump | Q21: Zumba | R21: Pilates | S21: 0.57986111 | T21: 0.68333333 | U21: 149 | V21: FALSE | Z21: FALSE | AA21: No trainer | AB21: FALSE
A22: 21 | B22: Female | C22: 35795 | D22: =DATEDIF(gym_membership[[#This Row],[birthday]],TODAY(),"y") -> 28 | E22: 26 | F22: Premium | G22: 2 | H22: Fri, Mon | I22: Fri | J22: Mon | N22: FALSE | S22: 0.34652778 | T22: 0.44791667 | U22: 146 | V22: FALSE | Z22: TRUE | AA22: Hanna | AB22: FALSE
A23: 22 | B23: Male | C23: 35732 | D23: =DATEDIF(gym_membership[[#This Row],[birthday]],TODAY(),"y") -> 28 | E23: 26 | F23: Premium | G23: 3 | H23: Fri, Mon, Sat | I23: Fri | J23: Mon | K23: Sat | N23: TRUE | O23: Yoga, BodyBalance, LesMiles | P23: Yoga | Q23: BodyBalance | R23: LesMiles | S23: 0.62916667 | T23: 0.73611111 | U23: 154 | V23: TRUE | W23: lemon | X23: lemon | Z23: FALSE | AA23: No trainer | AB23: TRUE
A24: 23 | B24: Female | C24: 40473 | D24: =DATEDIF(gym_membership[[#This Row],[birthday]],TODAY(),"y") -> 15 | E24: 13 | F24: Standard | G24: 2 | H24: Mon, Tue | I24: Mon | J24: Tue | N24: TRUE | O24: HIT | P24: HIT | S24: 0.87222222 | T24: 0.98333333 | U24: 160 | V24: TRUE | W24: passion_fruit, orange | X24: passion_fruit | Y24: orange | Z24: TRUE | AA24: Mike | AB24: FALSE
A25: 24 | B25: Male | C25: 40202 | D25: =DATEDIF(gym_membership[[#This Row],[birthday]],TODAY(),"y") -> 16 | E25: 14 | F25: Premium | G25: 3 | H25: Sat, Tue, Wed | I25: Sat | J25: Tue | K25: Wed | N25: FALSE | S25: 0.60694444 | T25: 0.68958333 | U25: 119 | V25: TRUE | W25: lemon, coconut_pineapple | X25: lemon | Y25: coconut_pineapple | Z25: TRUE | AA25: Jeffrey | AB25: TRUE
A26: 25 | B26: Female | C26: 39725 | D26: =DATEDIF(gym_membership[[#This Row],[birthday]],TODAY(),"y") -> 17 | E26: 16 | F26: Premium | G26: 1 | H26: Fri | I26: Fri | N26: FALSE | S26: 0.3625 | T26: 0.44027778 | U26: 112 | V26: FALSE | Z26: FALSE | AA26: No trainer | AB26: FALSE
A27: 26 | B27: Male | C27: 32676 | D27: =DATEDIF(gym_membership[[#This Row],[birthday]],TODAY(),"y") -> 37 | E27: 35 | F27: Standard | G27: 1 | H27: Fri | I27: Fri | N27: TRUE | O27: BodyBalance, Zumba, Yoga | P27: BodyBalance | Q27: Zumba | R27: Yoga | S27: 0.55 | T27: 0.62083333 | U27: 102 | V27: TRUE | W27: coconut_pineapple | X27: coconut_pineapple | Z27: TRUE | AA27: Chantal | AB27: FALSE
A28: 27 | B28: Male | C28: 38442 | D28: =DATEDIF(gym_membership[[#This Row],[birthday]],TODAY(),"y") -> 21 | E28: 19 | F28: Premium | G28: 3 | H28: Fri, Sun, Wed | I28: Fri | J28: Sun | K28: Wed | N28: TRUE | O28: Zumba | P28: Zumba | S28: 0.62569444 | T28: 0.70763889 | U28: 118 | V28: TRUE | W28: berry_boost, passion_fruit | X28: berry_boost | Y28: passion_fruit | Z28: FALSE | AA28: No trainer | AB28: FALSE
A29: 28 | B29: Male | C29: 33704 | D29: =DATEDIF(gym_membership[[#This Row],[birthday]],TODAY(),"y") -> 34 | E29: 32 | F29: Standard | G29: 5 | H29: Fri, Sat, Sun, Tue, Wed | I29: Fri | J29: Sat | K29: Sun | L29: Tue | M29: Wed | N29: TRUE | O29: BodyBalance, Pilates, Running | P29: BodyBalance | Q29: Pilates | R29: Running | S29: 0.82013889 | T29: 0.89930556 | U29: 114 | V29: TRUE | W29: berry_boost | X29: berry_boost | Z29: TRUE | AA29: Chantal | AB29: FALSE
A30: 29 | B30: Female | C30: 35451 | D30: =DATEDIF(gym_membership[[#This Row],[birthday]],TODAY(),"y") -> 29 | E30: 27 | F30: Premium | G30: 1 | H30: Wed | I30: Wed | N30: FALSE | S30: 0.47569444 | T30: 0.53888889 | U30: 91 | V30: TRUE | W30: orange | X30: orange | Z30: FALSE | AA30: No trainer | AB30: TRUE
A31: 30 | B31: Female | C31: 37564 | D31: =DATEDIF(gym_membership[[#This Row],[birthday]],TODAY(),"y") -> 23 | E31: 21 | F31: Premium | G31: 3 | H31: Fri, Mon, Thu | I31: Fri | J31: Mon | K31: Thu | N31: TRUE | O31: Spinning, BodyPump, Zumba | P31: Spinning | Q31: BodyPump | R31: Zumba | S31: 0.84375 | T31: 0.9 | U31: 81 | V31: TRUE | W31: orange, coconut_pineapple | X31: orange | Y31: coconut_pineapple | Z31: FALSE | AA31: No trainer | AB31: TRUE
A32: 31 | B32: Male | C32: 32206 | D32: =DATEDIF(gym_membership[[#This Row],[birthday]],TODAY(),"y") -> 38 | E32: 36 | F32: Premium | G32: 3 | H32: Sun, Thu, Wed | I32: Sun | J32: Thu | K32: Wed | N32: FALSE | S32: 0.41736111 | T32: 0.50763889 | U32: 130 | V32: FALSE | Z32: TRUE | AA32: Jeffrey | AB32: TRUE
A33: 32 | B33: Male | C33: 36587 | D33: =DATEDIF(gym_membership[[#This Row],[birthday]],TODAY(),"y") -> 26 | E33: 24 | F33: Standard | G33: 5 | H33: Fri, Mon, Sat, Sun, Wed | I33: Fri | J33: Mon | K33: Sat | L33: Sun | M33: Wed | N33: FALSE | S33: 0.87013889 | T33: 0.98125 | U33: 160 | V33: TRUE | W33: black_currant, lemon | X33: black_currant | Y33: lemon | Z33: FALSE | AA33: No trainer | AB33: FALSE
A34: 33 | B34: Female | C34: 30008 | D34: =DATEDIF(gym_membership[[#This Row],[birthday]],TODAY(),"y") -> 44 | E34: 42 | F34: Premium | G34: 3 | H34: Sat, Sun, Tue | I34: Sat | J34: Sun | K34: Tue | N34: TRUE | O34: LesMiles, HIT | P34: LesMiles | Q34: HIT | S34: 0.43263889 | T34: 0.50069444 | U34: 98 | V34: FALSE | Z34: TRUE | AA34: Chantal | AB34: TRUE
A35: 34 | B35: Female | C35: 28101 | D35: =DATEDIF(gym_membership[[#This Row],[birthday]],TODAY(),"y") -> 49 | E35: 47 | F35: Premium | G35: 2 | H35: Mon, Sat | I35: Mon | J35: Sat | N35: TRUE | O35: XCore, Running, BodyBalance | P35: XCore | Q35: Running | R35: BodyBalance | S35: 0.6125 | T35: 0.67222222 | U35: 86 | V35: FALSE | Z35: TRUE | AA35: Hanna | AB35: TRUE
A36: 35 | B36: Male | C36: 38052 | D36: =DATEDIF(gym_membership[[#This Row],[birthday]],TODAY(),"y") -> 22 | E36: 20 | F36: Premium | G36: 5 | H36: Mon, Sun, Thu, Tue, Wed | I36: Mon | J36: Sun | K36: Thu | L36: Tue | M36: Wed | N36: FALSE | S36: 0.76041667 | T36: 0.87083333 | U36: 159 | V36: FALSE | Z36: TRUE | AA36: Mike | AB36: TRUE
A37: 36 | B37: Male | C37: 32941 | D37: =DATEDIF(gym_membership[[#This Row],[birthday]],TODAY(),"y") -> 36 | E37: 34 | F37: Standard | G37: 3 | H37: Sat, Sun, Tue | I37: Sat | J37: Sun | K37: Tue | N37: TRUE | O37: XCore | P37: XCore | S37: 0.56875 | T37: 0.68055556 | U37: 161 | V37: TRUE | W37: orange | X37: orange | Z37: FALSE | AA37: No trainer | AB37: TRUE
A38: 37 | B38: Female | C38: 29663 | D38: =DATEDIF(gym_membership[[#This Row],[birthday]],TODAY(),"y") -> 45 | E38: 43 | F38: Standard | G38: 5 | H38: Fri, Sat, Sun, Tue, Wed | I38: Fri | J38: Sat | K38: Sun | L38: Tue | M38: Wed | N38: FALSE | S38: 0.37638889 | T38: 0.43125 | U38: 79 | V38: FALSE | Z38: FALSE | AA38: No trainer | AB38: FALSE
A39: 38 | B39: Female | C39: 30621 | D39: =DATEDIF(gym_membership[[#This Row],[birthday]],TODAY(),"y") -> 42 | E39: 40 | F39: Premium | G39: 2 | H39: Sat, Thu | I39: Sat | J39: Thu | N39: FALSE | S39: 0.36041667 | T39: 0.44236111 | U39: 118 | V39: FALSE | Z39: FALSE | AA39: No trainer | AB39: FALSE
A40: 39 | B40: Male | C40: 29407 | D40: =DATEDIF(gym_membership[[#This Row],[birthday]],TODAY(),"y") -> 46 | E40: 44 | F40: Premium | G40: 1 | H40: Wed | I40: Wed | N40: FALSE | S40: 0.86319444 | T40: 0.95694444 | U40: 135 | V40: TRUE | W40: coconut_pineapple, berry_boost | X40: coconut_pineapple | Y40: berry_boost | Z40: FALSE | AA40: No trainer | AB40: FALSE
A41: 40 | B41: Female | C41: 38736 | D41: =DATEDIF(gym_membership[[#This Row],[birthday]],TODAY(),"y") -> 20 | E41: 18 | F41: Premium | G41: 2 | H41: Mon, Tue | I41: Mon | J41: Tue | N41: TRUE | O41: LesMiles | P41: LesMiles | S41: 0.43472222 | T41: 0.50902778 | U41: 107 | V41: TRUE | W41: passion_fruit, black_currant | X41: passion_fruit | Y41: black_currant | Z41: FALSE | AA41: No trainer | AB41: TRUE
A42: 41 | B42: Female | C42: 39610 | D42: =DATEDIF(gym_membership[[#This Row],[birthday]],TODAY(),"y") -> 18 | E42: 16 | F42: Premium | G42: 3 | H42: Mon, Sun, Tue | I42: Mon | J42: Sun | K42: Tue | N42: FALSE | S42: 0.66944444 | T42: 0.74375 | U42: 107 | V42: TRUE | W42: coconut_pineapple | X42: coconut_pineapple | Z42: TRUE | AA42: Hanna | AB42: TRUE
A43: 42 | B43: Female | C43: 32697 | D43: =DATEDIF(gym_membership[[#This Row],[birthday]],TODAY(),"y") -> 37 | E43: 35 | F43: Standard | G43: 1 | H43: Sun | I43: Sun | N43: FALSE | S43: 0.40138889 | T43: 0.44166667 | U43: 58 | V43: FALSE | Z43: FALSE | AA43: No trainer | AB43: FALSE
A44: 43 | B44: Female | C44: 34876 | D44: =DATEDIF(gym_membership[[#This Row],[birthday]],TODAY(),"y") -> 31 | E44: 29 | F44: Premium | G44: 1 | H44: Thu | I44: Thu | N44: TRUE | O44: BodyBalance | P44: BodyBalance | S44: 0.43402778 | T44: 0.50277778 | U44: 99 | V44: TRUE | W44: black_currant, lemon | X44: black_currant | Y44: lemon | Z44: TRUE | AA44: Chantal | AB44: FALSE
A45: 44 | B45: Female | C45: 35160 | D45: =DATEDIF(gym_membership[[#This Row],[birthday]],TODAY(),"y") -> 30 | E45: 28 | F45: Standard | G45: 1 | H45: Sun | I45: Sun | N45: FALSE | S45: 0.49236111 | T45: 0.59097222 | U45: 142 | V45: TRUE | W45: coconut_pineapple, passion_fruit | X45: coconut_pineapple | Y45: passion_fruit | Z45: TRUE | AA45: Hanna | AB45: TRUE
A46: 45 | B46: Male | C46: 27778 | D46: =DATEDIF(gym_membership[[#This Row],[birthday]],TODAY(),"y") -> 50 | E46: 48 | F46: Premium | G46: 2 | H46: Tue, Wed | I46: Tue | J46: Wed | N46: FALSE | S46: 0.41458333 | T46: 0.52430556 | U46: 158 | V46: FALSE | Z46: TRUE | AA46: Hanna | AB46: TRUE
A47: 46 | B47: Female | C47: 29728 | D47: =DATEDIF(gym_membership[[#This Row],[birthday]],TODAY(),"y") -> 45 | E47: 43 | F47: Standard | G47: 4 | H47: Fri, Mon, Sat, Tue | I47: Fri | J47: Mon | K47: Sat | L47: Tue | N47: TRUE | O47: Spinning | P47: Spinning | S47: 0.77847222 | T47: 0.9 | U47: 175 | V47: FALSE | Z47: TRUE | AA47: Hanna | AB47: FALSE
A48: 47 | B48: Male | C48: 32571 | D48: =DATEDIF(gym_membership[[#This Row],[birthday]],TODAY(),"y") -> 37 | E48: 35 | F48: Standard | G48: 3 | H48: Sun, Tue, Wed | I48: Sun | J48: Tue | K48: Wed | N48: FALSE | S48: 0.62638889 | T48: 0.68680556 | U48: 87 | V48: FALSE | Z48: FALSE | AA48: No trainer | AB48: FALSE
A49: 48 | B49: Male | C49: 35749 | D49: =DATEDIF(gym_membership[[#This Row],[birthday]],TODAY(),"y") -> 28 | E49: 26 | F49: Premium | G49: 5 | H49: Fri, Mon, Sun, Thu, Tue | I49: Fri | J49: Mon | K49: Sun | L49: Thu | M49: Tue | N49: TRUE | O49: Yoga | P49: Yoga | S49: 0.68680556 | T49: 0.78125 | U49: 136 | V49: FALSE | Z49: TRUE | AA49: Jeffrey | AB49: TRUE
A50: 49 | B50: Female | C50: 27690 | D50: =DATEDIF(gym_membership[[#This Row],[birthday]],TODAY(),"y") -> 50 | E50: 48 | F50: Premium | G50: 3 | H50: Fri, Thu, Tue | I50: Fri | J50: Thu | K50: Tue | N50: TRUE | O50: Yoga, BodyBalance | P50: Yoga | Q50: BodyBalance | S50: 0.49722222 | T50: 0.59236111 | U50: 137 | V50: FALSE | Z50: TRUE | AA50: Chantal | AB50: TRUE
A51: 50 | B51: Female | C51: 29218 | D51: =DATEDIF(gym_membership[[#This Row],[birthday]],TODAY(),"y") -> 46 | E51: 44 | F51: Premium | G51: 2 | H51: Sat, Tue | I51: Sat | J51: Tue | N51: TRUE | O51: BodyPump, Zumba | P51: BodyPump | Q51: Zumba | S51: 0.37083333 | T51: 0.48263889 | U51: 161 | V51: TRUE | W51: black_currant, passion_fruit | X51: black_currant | Y51: passion_fruit | Z51: FALSE | AA51: No trainer | AB51: TRUE
A52: 51 | B52: Male | C52: 29053 | D52: =DATEDIF(gym_membership[[#This Row],[birthday]],TODAY(),"y") -> 47 | E52: 45 | F52: Standard | G52: 3 | H52: Mon, Sun, Thu | I52: Mon | J52: Sun | K52: Thu | N52: FALSE | S52: 0.40486111 | T52: 0.46944444 | U52: 93 | V52: TRUE | W52: coconut_pineapple, passion_fruit | X52: coconut_pineapple | Y52: passion_fruit | Z52: FALSE | AA52: No trainer | AB52: TRUE
A53: 52 | B53: Male | C53: 35176 | D53: =DATEDIF(gym_membership[[#This Row],[birthday]],TODAY(),"y") -> 30 | E53: 28 | F53: Premium | G53: 2 | H53: Sat, Wed | I53: Sat | J53: Wed | N53: TRUE | O53: BodyPump, Yoga | P53: BodyPump | Q53: Yoga | S53: 0.87361111 | T53: 0.93055556 | U53: 82 | V53: FALSE | Z53: FALSE | AA53: No trainer | AB53: TRUE
A54: 53 | B54: Female | C54: 38185 | D54: =DATEDIF(gym_membership[[#This Row],[birthday]],TODAY(),"y") -> 22 | E54: 20 | F54: Premium | G54: 2 | H54: Sun, Thu | I54: Sun | J54: Thu | N54: TRUE | O54: BodyBalance, Running | P54: BodyBalance | Q54: Running | S54: 0.39305556 | T54: 0.44097222 | U54: 69 | V54: FALSE | Z54: FALSE | AA54: No trainer | AB54: FALSE
A55: 54 | B55: Female | C55: 29552 | D55: =DATEDIF(gym_membership[[#This Row],[birthday]],TODAY(),"y") -> 45 | E55: 43 | F55: Standard | G55: 4 | H55: Fri, Mon, Sat, Thu | I55: Fri | J55: Mon | K55: Sat | L55: Thu | N55: TRUE | O55: Pilates | P55: Pilates | S55: 0.85833333 | T55: 0.97013889 | U55: 161 | V55: TRUE | W55: orange, berry_boost | X55: orange | Y55: berry_boost | Z55: TRUE | AA55: Mike | AB55: FALSE
A56: 55 | B56: Male | C56: 36529 | D56: =DATEDIF(gym_membership[[#This Row],[birthday]],TODAY(),"y") -> 26 | E56: 24 | F56: Standard | G56: 2 | H56: Sun, Thu | I56: Sun | J56: Thu | N56: TRUE | O56: Spinning, Kickboxen, LesMiles | P56: Spinning | Q56: Kickboxen | R56: LesMiles | S56: 0.65902778 | T56: 0.77152778 | U56: 162 | V56: TRUE | W56: black_currant | X56: black_currant | Z56: TRUE | AA56: Chantal | AB56: TRUE
A57: 56 | B57: Male | C57: 37463 | D57: =DATEDIF(gym_membership[[#This Row],[birthday]],TODAY(),"y") -> 24 | E57: 22 | F57: Standard | G57: 3 | H57: Fri, Sun, Tue | I57: Fri | J57: Sun | K57: Tue | N57: FALSE | S57: 0.71736111 | T57: 0.76666667 | U57: 71 | V57: FALSE | Z57: FALSE | AA57: No trainer | AB57: TRUE
A58: 57 | B58: Female | C58: 37054 | D58: =DATEDIF(gym_membership[[#This Row],[birthday]],TODAY(),"y") -> 25 | E58: 23 | F58: Standard | G58: 3 | H58: Sat, Thu, Wed | I58: Sat | J58: Thu | K58: Wed | N58: FALSE | S58: 0.35833333 | T58: 0.47083333 | U58: 162 | V58: FALSE | Z58: FALSE | AA58: No trainer | AB58: FALSE
A59: 58 | B59: Male | C59: 28489 | D59: =DATEDIF(gym_membership[[#This Row],[birthday]],TODAY(),"y") -> 48 | E59: 46 | F59: Premium | G59: 5 | H59: Fri, Mon, Sat, Thu, Tue | I59: Fri | J59: Mon | K59: Sat | L59: Thu | M59: Tue | N59: TRUE | O59: BodyBalance, BodyPump | P59: BodyBalance | Q59: BodyPump | S59: 0.51319444 | T59: 0.53402778 | U59: 30 | V59: FALSE | Z59: TRUE | AA59: Chantal | AB59: TRUE
A60: 59 | B60: Male | C60: 39274 | D60: =DATEDIF(gym_membership[[#This Row],[birthday]],TODAY(),"y") -> 19 | E60: 17 | F60: Premium | G60: 2 | H60: Fri, Tue | I60: Fri | J60: Tue | N60: TRUE | O60: Kickboxen | P60: Kickboxen | S60: 0.44444444 | T60: 0.50416667 | U60: 86 | V60: FALSE | Z60: FALSE | AA60: No trainer | AB60: TRUE
A61: 60 | B61: Female | C61: 32375 | D61: =DATEDIF(gym_membership[[#This Row],[birthday]],TODAY(),"y") -> 38 | E61: 36 | F61: Standard | G61: 2 | H61: Sat, Thu | I61: Sat | J61: Thu | N61: TRUE | O61: XCore, Zumba | P61: XCore | Q61: Zumba | S61: 0.81805556 | T61: 0.90277778 | U61: 122 | V61: TRUE | W61: orange | X61: orange | Z61: TRUE | AA61: Chantal | AB61: TRUE
A62: 61 | B62: Female | C62: 28253 | D62: =DATEDIF(gym_membership[[#This Row],[birthday]],TODAY(),"y") -> 49 | E62: 47 | F62: Premium | G62: 3 | H62: Mon, Sun, Wed | I62: Mon | J62: Sun | K62: Wed | N62: FALSE | S62: 0.77083333 | T62: 0.84513889 | U62: 107 | V62: FALSE | Z62: TRUE | AA62: Chantal | AB62: FALSE
A63: 62 | B63: Female | C63: 34832 | D63: =DATEDIF(gym_membership[[#This Row],[birthday]],TODAY(),"y") -> 31 | E63: 29 | F63: Standard | G63: 3 | H63: Sat, Tue, Wed | I63: Sat | J63: Tue | K63: Wed | N63: FALSE | S63: 0.43611111 | T63: 0.48333333 | U63: 68 | V63: FALSE | Z63: TRUE | AA63: Chantal | AB63: TRUE
A64: 63 | B64: Male | C64: 34403 | D64: =DATEDIF(gym_membership[[#This Row],[birthday]],TODAY(),"y") -> 32 | E64: 30 | F64: Standard | G64: 3 | H64: Fri, Sun, Thu | I64: Fri | J64: Sun | K64: Thu | N64: FALSE | S64: 0.72361111 | T64: 0.74791667 | U64: 35 | V64: TRUE | W64: passion_fruit, coconut_pineapple | X64: passion_fruit | Y64: coconut_pineapple | Z64: FALSE | AA64: No trainer | AB64: TRUE
A65: 64 | B65: Female | C65: 37392 | D65: =DATEDIF(gym_membership[[#This Row],[birthday]],TODAY(),"y") -> 24 | E65: 22 | F65: Premium | G65: 3 | H65: Fri, Sat, Sun | I65: Fri | J65: Sat | K65: Sun | N65: FALSE | S65: 0.44513889 | T65: 0.48472222 | U65: 57 | V65: TRUE | W65: lemon, berry_boost | X65: lemon | Y65: berry_boost | Z65: TRUE | AA65: Hanna | AB65: TRUE
A66: 65 | B66: Female | C66: 30276 | D66: =DATEDIF(gym_membership[[#This Row],[birthday]],TODAY(),"y") -> 43 | E66: 41 | F66: Standard | G66: 2 | H66: Sun, Tue | I66: Sun | J66: Tue | N66: FALSE | S66: 0.57986111 | T66: 0.68194444 | U66: 147 | V66: FALSE | Z66: FALSE | AA66: No trainer | AB66: TRUE
A67: 66 | B67: Female | C67: 28941 | D67: =DATEDIF(gym_membership[[#This Row],[birthday]],TODAY(),"y") -> 47 | E67: 45 | F67: Premium | G67: 4 | H67: Fri, Thu, Tue, Wed | I67: Fri | J67: Thu | K67: Tue | L67: Wed | N67: FALSE | S67: 0.54583333 | T67: 0.57916667 | U67: 48 | V67: FALSE | Z67: FALSE | AA67: No trainer | AB67: TRUE
A68: 67 | B68: Female | C68: 37372 | D68: =DATEDIF(gym_membership[[#This Row],[birthday]],TODAY(),"y") -> 24 | E68: 22 | F68: Premium | G68: 1 | H68: Sun | I68: Sun | N68: TRUE | O68: Running | P68: Running | S68: 0.34583333 | T68: 0.46388889 | U68: 170 | V68: FALSE | Z68: FALSE | AA68: No trainer | AB68: FALSE
A69: 68 | B69: Male | C69: 38184 | D69: =DATEDIF(gym_membership[[#This Row],[birthday]],TODAY(),"y") -> 22 | E69: 20 | F69: Standard | G69: 5 | H69: Mon, Sat, Sun, Thu, Wed | I69: Mon | J69: Sat | K69: Sun | L69: Thu | M69: Wed | N69: TRUE | O69: Spinning | P69: Spinning | S69: 0.54444444 | T69: 0.56736111 | U69: 33 | V69: TRUE | W69: berry_boost, coconut_pineapple | X69: berry_boost | Y69: coconut_pineapple | Z69: TRUE | AA69: Mike | AB69: TRUE
A70: 69 | B70: Male | C70: 33219 | D70: =DATEDIF(gym_membership[[#This Row],[birthday]],TODAY(),"y") -> 35 | E70: 33 | F70: Premium | G70: 1 | H70: Wed | I70: Wed | N70: TRUE | O70: Zumba | P70: Zumba | S70: 0.37777778 | T70: 0.40763889 | U70: 43 | V70: TRUE | W70: passion_fruit | X70: passion_fruit | Z70: FALSE | AA70: No trainer | AB70: FALSE
A71: 70 | B71: Female | C71: 32356 | D71: =DATEDIF(gym_membership[[#This Row],[birthday]],TODAY(),"y") -> 38 | E71: 36 | F71: Premium | G71: 3 | H71: Fri, Sun, Tue | I71: Fri | J71: Sun | K71: Tue | N71: FALSE | S71: 0.46597222 | T71: 0.58055556 | U71: 165 | V71: FALSE | Z71: FALSE | AA71: No trainer | AB71: TRUE
A72: 71 | B72: Male | C72: 34598 | D72: =DATEDIF(gym_membership[[#This Row],[birthday]],TODAY(),"y") -> 31 | E72: 30 | F72: Premium | G72: 5 | H72: Fri, Mon, Sat, Sun, Tue | I72: Fri | J72: Mon | K72: Sat | L72: Sun | M72: Tue | N72: TRUE | O72: BodyPump | P72: BodyPump | S72: 0.54444444 | T72: 0.58194444 | U72: 54 | V72: FALSE | Z72: TRUE | AA72: Hanna | AB72: TRUE
A73: 72 | B73: Male | C73: 39154 | D73: =DATEDIF(gym_membership[[#This Row],[birthday]],TODAY(),"y") -> 19 | E73: 17 | F73: Premium | G73: 1 | H73: Wed | I73: Wed | N73: FALSE | S73: 0.4375 | T73: 0.56041667 | U73: 177 | V73: TRUE | W73: black_currant | X73: black_currant | Z73: TRUE | AA73: Mike | AB73: TRUE
A74: 73 | B74: Male | C74: 32508 | D74: =DATEDIF(gym_membership[[#This Row],[birthday]],TODAY(),"y") -> 37 | E74: 35 | F74: Premium | G74: 2 | H74: Mon, Tue | I74: Mon | J74: Tue | N74: FALSE | S74: 0.7125 | T74: 0.77708333 | U74: 93 | V74: TRUE | W74: berry_boost | X74: berry_boost | Z74: TRUE | AA74: Chantal | AB74: FALSE
A75: 74 | B75: Male | C75: 35049 | D75: =DATEDIF(gym_membership[[#This Row],[birthday]],TODAY(),"y") -> 30 | E75: 28 | F75: Standard | G75: 2 | H75: Fri, Sun | I75: Fri | J75: Sun | N75: FALSE | S75: 0.84513889 | T75: 0.96041667 | U75: 166 | V75: TRUE | W75: passion_fruit | X75: passion_fruit | Z75: FALSE | AA75: No trainer | AB75: TRUE
A76: 75 | B76: Female | C76: 35399 | D76: =DATEDIF(gym_membership[[#This Row],[birthday]],TODAY(),"y") -> 29 | E76: 27 | F76: Standard | G76: 5 | H76: Fri, Mon, Sat, Thu, Tue | I76: Fri | J76: Mon | K76: Sat | L76: Thu | M76: Tue | N76: FALSE | S76: 0.41458333 | T76: 0.51527778 | U76: 145 | V76: FALSE | Z76: FALSE | AA76: No trainer | AB76: FALSE
A77: 76 | B77: Male | C77: 38147 | D77: =DATEDIF(gym_membership[[#This Row],[birthday]],TODAY(),"y") -> 22 | E77: 20 | F77: Premium | G77: 1 | H77: Sun | I77: Sun | N77: FALSE | S77: 0.64791667 | T77: 0.70902778 | U77: 88 | V77: FALSE | Z77: TRUE | AA77: Mike | AB77: TRUE
A78: 77 | B78: Female | C78: 39191 | D78: =DATEDIF(gym_membership[[#This Row],[birthday]],TODAY(),"y") -> 19 | E78: 17 | F78: Premium | G78: 2 | H78: Mon, Tue | I78: Mon | J78: Tue | N78: FALSE | S78: 0.6625 | T78: 0.69861111 | U78: 52 | V78: FALSE | Z78: TRUE | AA78: Hanna | AB78: FALSE
A79: 78 | B79: Male | C79: 33170 | D79: =DATEDIF(gym_membership[[#This Row],[birthday]],TODAY(),"y") -> 35 | E79: 33 | F79: Premium | G79: 2 | H79: Mon, Sun | I79: Mon | J79: Sun | N79: TRUE | O79: Zumba, Spinning, BodyBalance | P79: Zumba | Q79: Spinning | R79: BodyBalance | S79: 0.67777778 | T79: 0.75208333 | U79: 107 | V79: TRUE | W79: berry_boost | X79: berry_boost | Z79: TRUE | AA79: Mike | AB79: FALSE
A80: 79 | B80: Female | C80: 29700 | D80: =DATEDIF(gym_membership[[#This Row],[birthday]],TODAY(),"y") -> 45 | E80: 43 | F80: Standard | G80: 5 | H80: Fri, Sat, Thu, Tue, Wed | I80: Fri | J80: Sat | K80: Thu | L80: Tue | M80: Wed | N80: TRUE | O80: XCore | P80: XCore | S80: 0.53055556 | T80: 0.65555556 | U80: 180 | V80: FALSE | Z80: FALSE | AA80: No trainer | AB80: FALSE
A81: 80 | B81: Female | C81: 32409 | D81: =DATEDIF(gym_membership[[#This Row],[birthday]],TODAY(),"y") -> 37 | E81: 36 | F81: Standard | G81: 2 | H81: Fri, Tue | I81: Fri | J81: Tue | N81: TRUE | O81: Yoga, LesMiles, Spinning | P81: Yoga | Q81: LesMiles | R81: Spinning | S81: 0.76319444 | T81: 0.83472222 | U81: 103 | V81: FALSE | Z81: TRUE | AA81: Jeffrey | AB81: TRUE
A82: 81 | B82: Male | C82: 28778 | D82: =DATEDIF(gym_membership[[#This Row],[birthday]],TODAY(),"y") -> 47 | E82: 45 | F82: Standard | G82: 2 | H82: Mon, Sat | I82: Mon | J82: Sat | N82: FALSE | S82: 0.52430556 | T82: 0.6375 | U82: 163 | V82: TRUE | W82: berry_boost | X82: berry_boost | Z82: TRUE | AA82: Mike | AB82: TRUE
A83: 82 | B83: Male | C83: 29896 | D83: =DATEDIF(gym_membership[[#This Row],[birthday]],TODAY(),"y") -> 44 | E83: 42 | F83: Standard | G83: 3 | H83: Sun, Thu, Wed | I83: Sun | J83: Thu | K83: Wed | N83: TRUE | O83: Running, Kickboxen | P83: Running | Q83: Kickboxen | S83: 0.78819444 | T83: 0.875 | U83: 125 | V83: FALSE | Z83: FALSE | AA83: No trainer | AB83: FALSE
A84: 83 | B84: Male | C84: 34791 | D84: =DATEDIF(gym_membership[[#This Row],[birthday]],TODAY(),"y") -> 31 | E84: 29 | F84: Premium | G84: 1 | H84: Mon | I84: Mon | N84: FALSE | S84: 0.35625 | T84: 0.41458333 | U84: 84 | V84: TRUE | W84: coconut_pineapple | X84: coconut_pineapple | Z84: FALSE | AA84: No trainer | AB84: FALSE
A85: 84 | B85: Male | C85: 38928 | D85: =DATEDIF(gym_membership[[#This Row],[birthday]],TODAY(),"y") -> 20 | E85: 18 | F85: Standard | G85: 3 | H85: Sun, Thu, Tue | I85: Sun | J85: Thu | K85: Tue | N85: TRUE | O85: Yoga, HIT | P85: Yoga | Q85: HIT | S85: 0.38541667 | T85: 0.41944444 | U85: 49 | V85: TRUE | W85: black_currant, lemon | X85: black_currant | Y85: lemon | Z85: FALSE | AA85: No trainer | AB85: FALSE
A86: 85 | B86: Female | C86: 33721 | D86: =DATEDIF(gym_membership[[#This Row],[birthday]],TODAY(),"y") -> 34 | E86: 32 | F86: Premium | G86: 2 | H86: Sat, Sun | I86: Sat | J86: Sun | N86: TRUE | O86: HIT | P86: HIT | S86: 0.79652778 | T86: 0.91666667 | U86: 173 | V86: FALSE | Z86: FALSE | AA86: No trainer | AB86: FALSE
A87: 86 | B87: Female | C87: 35470 | D87: =DATEDIF(gym_membership[[#This Row],[birthday]],TODAY(),"y") -> 29 | E87: 27 | F87: Standard | G87: 3 | H87: Mon, Sun, Tue | I87: Mon | J87: Sun | K87: Tue | N87: TRUE | O87: BodyPump, BodyBalance, XCore | P87: BodyPump | Q87: BodyBalance | R87: XCore | S87: 0.85347222 | T87: 0.89930556 | U87: 66 | V87: FALSE | Z87: TRUE | AA87: Chantal | AB87: FALSE
A88: 87 | B88: Male | C88: 28303 | D88: =DATEDIF(gym_membership[[#This Row],[birthday]],TODAY(),"y") -> 49 | E88: 47 | F88: Premium | G88: 3 | H88: Fri, Sat, Tue | I88: Fri | J88: Sat | K88: Tue | N88: TRUE | O88: Kickboxen, HIT, BodyPump | P88: Kickboxen | Q88: HIT | R88: BodyPump | S88: 0.53541667 | T88: 0.60902778 | U88: 106 | V88: FALSE | Z88: TRUE | AA88: Chantal | AB88: TRUE
A89: 88 | B89: Female | C89: 39726 | D89: =DATEDIF(gym_membership[[#This Row],[birthday]],TODAY(),"y") -> 17 | E89: 16 | F89: Premium | G89: 2 | H89: Sat, Sun | I89: Sat | J89: Sun | N89: FALSE | S89: 0.47847222 | T89: 0.54375 | U89: 94 | V89: TRUE | W89: passion_fruit, black_currant | X89: passion_fruit | Y89: black_currant | Z89: FALSE | AA89: No trainer | AB89: TRUE
A90: 89 | B90: Female | C90: 31037 | D90: =DATEDIF(gym_membership[[#This Row],[birthday]],TODAY(),"y") -> 41 | E90: 39 | F90: Standard | G90: 4 | H90: Fri, Mon, Sat, Wed | I90: Fri | J90: Mon | K90: Sat | L90: Wed | N90: TRUE | O90: Yoga | P90: Yoga | S90: 0.44027778 | T90: 0.47708333 | U90: 53 | V90: FALSE | Z90: FALSE | AA90: No trainer | AB90: TRUE
A91: 90 | B91: Female | C91: 28726 | D91: =DATEDIF(gym_membership[[#This Row],[birthday]],TODAY(),"y") -> 48 | E91: 46 | F91: Standard | G91: 1 | H91: Sat | I91: Sat | N91: FALSE | S91: 0.46736111 | T91: 0.55486111 | U91: 126 | V91: TRUE | W91: lemon, berry_boost | X91: lemon | Y91: berry_boost | Z91: FALSE | AA91: No trainer | AB91: TRUE
A92: 91 | B92: Female | C92: 37688 | D92: =DATEDIF(gym_membership[[#This Row],[birthday]],TODAY(),"y") -> 23 | E92: 21 | F92: Premium | G92: 3 | H92: Mon, Sat, Sun | I92: Mon | J92: Sat | K92: Sun | N92: FALSE | S92: 0.54444444 | T92: 0.59791667 | U92: 77 | V92: TRUE | W92: berry_boost | X92: berry_boost | Z92: FALSE | AA92: No trainer | AB92: FALSE
A93: 92 | B93: Male | C93: 34198 | D93: =DATEDIF(gym_membership[[#This Row],[birthday]],TODAY(),"y") -> 33 | E93: 31 | F93: Standard | G93: 1 | H93: Sun | I93: Sun | N93: TRUE | O93: Running | P93: Running | S93: 0.60902778 | T93: 0.64236111 | U93: 48 | V93: FALSE | Z93: TRUE | AA93: Chantal | AB93: FALSE
A94: 93 | B94: Female | C94: 30839 | D94: =DATEDIF(gym_membership[[#This Row],[birthday]],TODAY(),"y") -> 42 | E94: 40 | F94: Standard | G94: 4 | H94: Mon, Sat, Sun, Wed | I94: Mon | J94: Sat | K94: Sun | L94: Wed | N94: TRUE | O94: BodyPump, Spinning, Pilates | P94: BodyPump | Q94: Spinning | R94: Pilates | S94: 0.41319444 | T94: 0.44652778 | U94: 48 | V94: FALSE | Z94: FALSE | AA94: No trainer | AB94: TRUE
A95: 94 | B95: Female | C95: 30470 | D95: =DATEDIF(gym_membership[[#This Row],[birthday]],TODAY(),"y") -> 43 | E95: 41 | F95: Standard | G95: 2 | H95: Tue, Wed | I95: Tue | J95: Wed | N95: TRUE | O95: BodyPump, Spinning, HIT | P95: BodyPump | Q95: Spinning | R95: HIT | S95: 0.69652778 | T95: 0.78194444 | U95: 123 | V95: TRUE | W95: coconut_pineapple | X95: coconut_pineapple | Z95: TRUE | AA95: Chantal | AB95: TRUE
A96: 95 | B96: Female | C96: 41039 | D96: =DATEDIF(gym_membership[[#This Row],[birthday]],TODAY(),"y") -> 14 | E96: 12 | F96: Standard | G96: 3 | H96: Fri, Thu, Wed | I96: Fri | J96: Thu | K96: Wed | N96: TRUE | O96: BodyBalance | P96: BodyBalance | S96: 0.42361111 | T96: 0.53472222 | U96: 160 | V96: TRUE | W96: berry_boost | X96: berry_boost | Z96: FALSE | AA96: No trainer | AB96: TRUE
A97: 96 | B97: Male | C97: 30782 | D97: =DATEDIF(gym_membership[[#This Row],[birthday]],TODAY(),"y") -> 42 | E97: 40 | F97: Standard | G97: 1 | H97: Sat | I97: Sat | N97: FALSE | S97: 0.43611111 | T97: 0.55902778 | U97: 177 | V97: FALSE | Z97: FALSE | AA97: No trainer | AB97: TRUE
A98: 97 | B98: Male | C98: 34782 | D98: =DATEDIF(gym_membership[[#This Row],[birthday]],TODAY(),"y") -> 31 | E98: 29 | F98: Premium | G98: 3 | H98: Fri, Sun, Wed | I98: Fri | J98: Sun | K98: Wed | N98: FALSE | S98: 0.59444444 | T98: 0.71388889 | U98: 172 | V98: FALSE | Z98: FALSE | AA98: No trainer | AB98: FALSE
A99: 98 | B99: Male | C99: 38613 | D99: =DATEDIF(gym_membership[[#This Row],[birthday]],TODAY(),"y") -> 20 | E99: 19 | F99: Premium | G99: 2 | H99: Sat, Tue | I99: Sat | J99: Tue | N99: FALSE | S99: 0.70625 | T99: 0.7875 | U99: 117 | V99: TRUE | W99: coconut_pineapple | X99: coconut_pineapple | Z99: TRUE | AA99: Jeffrey | AB99: FALSE
A100: 99 | B100: Female | C100: 32955 | D100: =DATEDIF(gym_membership[[#This Row],[birthday]],TODAY(),"y") -> 36 | E100: 34 | F100: Premium | G100: 2 | H100: Fri, Mon | I100: Fri | J100: Mon | N100: FALSE | S100: 0.39930556 | T100: 0.5 | U100: 145 | V100: FALSE | Z100: TRUE | AA100: Hanna | AB100: TRUE
...

Sheet Sheet1
A11: Days | B11: Number of visits
A12: Mon | B12: =COUNTIF(gym_membership[[Day 1]:[Day 5]],Sheet1!A12) -> 349
A13: Tue | B13: =COUNTIF(gym_membership[[Day 1]:[Day 5]],Sheet1!A13) -> 391
A14: Wed | B14: =COUNTIF(gym_membership[[Day 1]:[Day 5]],Sheet1!A14) -> 400
A15: Thu | B15: =COUNTIF(gym_membership[[Day 1]:[Day 5]],Sheet1!A15) -> 379
A16: Fri | B16: =COUNTIF(gym_membership[[Day 1]:[Day 5]],Sheet1!A16) -> 376
A17: Sat | B17: =COUNTIF(gym_membership[[Day 1]:[Day 5]],Sheet1!A17) -> 380
A18: Sun | B18: =COUNTIF(gym_membership[[Day 1]:[Day 5]],Sheet1!A18) -> 407
A28: Group lesson | B28: Number of lessons
A29: {=_xlfn.UNIQUE(_xlfn._xlws.FILTER(_xlfn.VSTACK(gym_membership[fav_group_lesson1],gym_membership[fav_group_lesson2],gym_membership[fav_group_lesson3]),_xlfn.VSTACK(gym_membership[fav_group_lesson1],gym_membership[fav_group_lesson2],gym_membership[fav_group_lesson3])<>0))} -> Kickboxen | B29: =COUNTIF(gym_membership[[fav_group_lesson1]:[fav_group_lesson3]],Sheet1!A29) -> 85
A30: XCore | B30: =COUNTIF(gym_membership[[fav_group_lesson1]:[fav_group_lesson3]],Sheet1!A30) -> 90
A31: Running | B31: =COUNTIF(gym_membership[[fav_group_lesson1]:[fav_group_lesson3]],Sheet1!A31) -> 82
A32: LesMiles | B32: =COUNTIF(gym_membership[[fav_group_lesson1]:[fav_group_lesson3]],Sheet1!A32) -> 99
A33: Yoga | B33: =COUNTIF(gym_membership[[fav_group_lesson1]:[fav_group_lesson3]],Sheet1!A33) -> 90
A34: BodyPump | B34: =COUNTIF(gym_membership[[fav_group_lesson1]:[fav_group_lesson3]],Sheet1!A34) -> 112
A35: Pilates | B35: =COUNTIF(gym_membership[[fav_group_lesson1]:[fav_group_lesson3]],Sheet1!A35) -> 95
A36: Spinning | B36: =COUNTIF(gym_membership[[fav_group_lesson1]:[fav_group_lesson3]],Sheet1!A36) -> 85
A37: HIT | B37: =COUNTIF(gym_membership[[fav_group_lesson1]:[fav_group_lesson3]],Sheet1!A37) -> 97
A38: BodyBalance | B38: =COUNTIF(gym_membership[[fav_group_lesson1]:[fav_group_lesson3]],Sheet1!A38) -> 87
A39: Zumba | B39: =COUNTIF(gym_membership[[fav_group_lesson1]:[fav_group_lesson3]],Sheet1!A39) -> 81

Sheet Sheet2
A6: Favourite drinks | B6: No of customers
A7: {=_xlfn.UNIQUE(_xlfn._xlws.FILTER(_xlfn.VSTACK(gym_membership[fav_drink1],gym_membership[fav_drink2]),_xlfn.VSTACK(gym_membership[fav_drink1],gym_membership[fav_drink2])<>0))} -> berry_boost | B7: =COUNTIF(gym_membership[[fav_drink1]:[fav_drink2]],Sheet2!A7) -> 114
A8: passion_fruit | B8: =COUNTIF(gym_membership[[fav_drink1]:[fav_drink2]],Sheet2!A8) -> 119
A9: coconut_pineapple | B9: =COUNTIF(gym_membership[[fav_drink1]:[fav_drink2]],Sheet2!A9) -> 134
A10: orange | B10: =COUNTIF(gym_membership[[fav_drink1]:[fav_drink2]],Sheet2!A10) -> 126
A11: black_currant | B11: =COUNTIF(gym_membership[[fav_drink1]:[fav_drink2]],Sheet2!A11) -> 111
A12: lemon | B12: =COUNTIF(gym_membership[[fav_drink1]:[fav_drink2]],Sheet2!A12) -> 115
A20: Gender | B20: No of customers
A21: Female | B21: 503
A22: Male | B22: 497
A23: Grand Total | B23: 1000
A32: Age | B32: No of customers
A33: 13 | B33: 5
A34: 14 | B34: 16
A35: 15 | B35: 26
A36: 16 | B36: 30
A37: 17 | B37: 21
A38: 18 | B38: 23
A39: 19 | B39: 26
A40: 20 | B40: 31
A41: 21 | B41: 27
A42: 22 | B42: 25
A43: 23 | B43: 25
A44: 24 | B44: 25
... A71: 51 | B71: 26
A72: Grand Total | B72: 1000

Sheet Sheet3
A4: Count of id | B4: Column Labels
A5: Row Labels | B5: 1 | C5: 2 | D5: 3 | E5: 4 | F5: 5 | G5: Grand Total
A6: Female | B6: 98 | C6: 132 | D6: 152 | E6: 56 | F6: 65 | G6: 503
A7: Male | B7: 96 | C7: 142 | D7: 160 | E7: 40 | F7: 59 | G7: 497 | R7: Count of id | S7: Column Labels
A8: Grand Total | B8: 194 | C8: 274 | D8: 312 | E8: 96 | F8: 124 | G8: 1000 | R8: Row Labels | S8: Female | T8: Male | U8: Grand Total
R9: Premium | S9: 242 | T9: 251 | U9: 493
R10: Standard | S10: 261 | T10: 246 | U10: 507
R11: Grand Total | S11: 503 | T11: 497 | U11: 1000
A17: Count of id | B17: Column Labels
A18: Row Labels | B18: FALSE | C18: TRUE | D18: Grand Total
A19: Female | B19: 262 | C19: 241 | D19: 503
A20: Male | B20: 245 | C20: 252 | D20: 497
A21: Grand Total | B21: 507 | C21: 493 | D21: 1000

Sheet Sheet4
A4: Average time in Gym | B4: Number of customers
A5: 161 | B5: 12 | T5: Row Labels | U5: Count of id
A6: 156 | B6: 12 | T6: Chantal | U6: 153
A7: 149 | B7: 11 | T7: Hanna | U7: 114
A8: 141 | B8: 12 | T8: Jeffrey | U8: 111
A9: 138 | B9: 12 | T9: Mike | U9: 140
A10: 135 | B10: 11 | T10: No trainer | U10: 482
A11: 107 | B11: 12 | T11: Grand Total | U11: 1000
A12: 105 | B12: 12
A13: 93 | B13: 13
A14: 67 | B14: 14
A15: 56 | B15: 14
A16: Grand Total | B16: 135
A21: Count of id | B21: Column Labels
A22: Row Labels | B22: FALSE | C22: TRUE | D22: Grand Total
A23: Female | B23: 255 | C23: 248 | D23: 503
A24: Male | B24: 227 | C24: 270 | D24: 497
A25: Grand Total | B25: 482 | C25: 518 | D25: 1000
